{
  "symbol_overlaps": {
    "t1": {
      "t2": {
        "overlap_count": 0,
        "overlap_percentage": 0.0
      },
      "t3": {
        "overlap_count": 3504,
        "overlap_percentage": 69.39988116458706
      },
      "t4": {
        "overlap_count": 4900,
        "overlap_percentage": 97.04892057833234
      },
      "t5": {
        "overlap_count": 4868,
        "overlap_percentage": 96.41513170924935
      },
      "t6": {
        "overlap_count": 4896,
        "overlap_percentage": 96.96969696969697
      },
      "t7": {
        "overlap_count": 3658,
        "overlap_percentage": 72.44999009704893
      },
      "t8": {
        "overlap_count": 447,
        "overlap_percentage": 8.85323826500297
      },
      "t9": {
        "overlap_count": 4855,
        "overlap_percentage": 96.1576549811844
      },
      "t10": {
        "overlap_count": 5048,
        "overlap_percentage": 99.98019409784116
      }
    },
    "t2": {
      "t1": {
        "overlap_count": 0,
        "overlap_percentage": 0.0
      },
      "t3": {
        "overlap_count": 2077,
        "overlap_percentage": 71.64539496378062
      },
      "t4": {
        "overlap_count": 2696,
        "overlap_percentage": 92.99758537426699
      },
      "t5": {
        "overlap_count": 2743,
        "overlap_percentage": 94.61883408071749
      },
      "t6": {
        "overlap_count": 2381,
        "overlap_percentage": 82.13176957571577
      },
      "t7": {
        "overlap_count": 2259,
        "overlap_percentage": 77.92342186961021
      },
      "t8": {
        "overlap_count": 2718,
        "overlap_percentage": 93.75646774749914
      },
      "t9": {
        "overlap_count": 2800,
        "overlap_percentage": 96.58502932045533
      },
      "t10": {
        "overlap_count": 2511,
        "overlap_percentage": 86.61607450845119
      }
    },
    "t3": {
      "t1": {
        "overlap_count": 3504,
        "overlap_percentage": 35.956900974858904
      },
      "t2": {
        "overlap_count": 2077,
        "overlap_percentage": 21.313494099538225
      },
      "t4": {
        "overlap_count": 5431,
        "overlap_percentage": 55.73114417650077
      },
      "t5": {
        "overlap_count": 5780,
        "overlap_percentage": 59.31246793227296
      },
      "t6": {
        "overlap_count": 5088,
        "overlap_percentage": 52.21139045664444
      },
      "t7": {
        "overlap_count": 4813,
        "overlap_percentage": 49.38943047716778
      },
      "t8": {
        "overlap_count": 3465,
        "overlap_percentage": 35.556695741405846
      },
      "t9": {
        "overlap_count": 6009,
        "overlap_percentage": 61.662390969728065
      },
      "t10": {
        "overlap_count": 5863,
        "overlap_percentage": 60.16418676244227
      }
    },
    "t4": {
      "t1": {
        "overlap_count": 4900,
        "overlap_percentage": 64.1781270464964
      },
      "t2": {
        "overlap_count": 2696,
        "overlap_percentage": 35.311067452521286
      },
      "t3": {
        "overlap_count": 5431,
        "overlap_percentage": 71.13294040602489
      },
      "t5": {
        "overlap_count": 7361,
        "overlap_percentage": 96.4112639161755
      },
      "t6": {
        "overlap_count": 7096,
        "overlap_percentage": 92.94040602488539
      },
      "t7": {
        "overlap_count": 5759,
        "overlap_percentage": 75.42894564505566
      },
      "t8": {
        "overlap_count": 3030,
        "overlap_percentage": 39.68565815324165
      },
      "t9": {
        "overlap_count": 7350,
        "overlap_percentage": 96.2671905697446
      },
      "t10": {
        "overlap_count": 7321,
        "overlap_percentage": 95.88736083824493
      }
    },
    "t5": {
      "t1": {
        "overlap_count": 4868,
        "overlap_percentage": 58.76388218252052
      },
      "t2": {
        "overlap_count": 2743,
        "overlap_percentage": 33.112023177209075
      },
      "t3": {
        "overlap_count": 5780,
        "overlap_percentage": 69.77305649444713
      },
      "t4": {
        "overlap_count": 7361,
        "overlap_percentage": 88.85803959439885
      },
      "t6": {
        "overlap_count": 6998,
        "overlap_percentage": 84.47609850313859
      },
      "t7": {
        "overlap_count": 5799,
        "overlap_percentage": 70.00241429261227
      },
      "t8": {
        "overlap_count": 3151,
        "overlap_percentage": 38.037180106228874
      },
      "t9": {
        "overlap_count": 7795,
        "overlap_percentage": 94.09705456301303
      },
      "t10": {
        "overlap_count": 7262,
        "overlap_percentage": 87.66296475132786
      }
    },
    "t6": {
      "t1": {
        "overlap_count": 4896,
        "overlap_percentage": 67.20658888126287
      },
      "t2": {
        "overlap_count": 2381,
        "overlap_percentage": 32.68359643102265
      },
      "t3": {
        "overlap_count": 5088,
        "overlap_percentage": 69.84214138641043
      },
      "t4": {
        "overlap_count": 7096,
        "overlap_percentage": 97.40562800274537
      },
      "t5": {
        "overlap_count": 6998,
        "overlap_percentage": 96.06039807824297
      },
      "t7": {
        "overlap_count": 5754,
        "overlap_percentage": 78.98421413864104
      },
      "t8": {
        "overlap_count": 2677,
        "overlap_percentage": 36.74673987645848
      },
      "t9": {
        "overlap_count": 7012,
        "overlap_percentage": 96.25257378174331
      },
      "t10": {
        "overlap_count": 6937,
        "overlap_percentage": 95.22306108442005
      }
    },
    "t7": {
      "t1": {
        "overlap_count": 3658,
        "overlap_percentage": 61.7175636915809
      },
      "t2": {
        "overlap_count": 2259,
        "overlap_percentage": 38.113716888813904
      },
      "t3": {
        "overlap_count": 4813,
        "overlap_percentage": 81.2046566559811
      },
      "t4": {
        "overlap_count": 5759,
        "overlap_percentage": 97.1655137506327
      },
      "t5": {
        "overlap_count": 5799,
        "overlap_percentage": 97.84039142905348
      },
      "t6": {
        "overlap_count": 5754,
        "overlap_percentage": 97.0811540408301
      },
      "t8": {
        "overlap_count": 2427,
        "overlap_percentage": 40.948203138181206
      },
      "t9": {
        "overlap_count": 5792,
        "overlap_percentage": 97.72228783532985
      },
      "t10": {
        "overlap_count": 5586,
        "overlap_percentage": 94.2466677914628
      }
    },
    "t8": {
      "t1": {
        "overlap_count": 447,
        "overlap_percentage": 4.564950980392156
      },
      "t2": {
        "overlap_count": 2718,
        "overlap_percentage": 27.75735294117647
      },
      "t3": {
        "overlap_count": 3465,
        "overlap_percentage": 35.38602941176471
      },
      "t4": {
        "overlap_count": 3030,
        "overlap_percentage": 30.943627450980394
      },
      "t5": {
        "overlap_count": 3151,
        "overlap_percentage": 32.17933006535948
      },
      "t6": {
        "overlap_count": 2677,
        "overlap_percentage": 27.33864379084967
      },
      "t7": {
        "overlap_count": 2427,
        "overlap_percentage": 24.785539215686274
      },
      "t9": {
        "overlap_count": 3190,
        "overlap_percentage": 32.57761437908497
      },
      "t10": {
        "overlap_count": 3076,
        "overlap_percentage": 31.413398692810457
      }
    },
    "t9": {
      "t1": {
        "overlap_count": 4855,
        "overlap_percentage": 56.53895423314312
      },
      "t2": {
        "overlap_count": 2800,
        "overlap_percentage": 32.6074298357983
      },
      "t3": {
        "overlap_count": 6009,
        "overlap_percentage": 69.97787352975428
      },
      "t4": {
        "overlap_count": 7350,
        "overlap_percentage": 85.59450331897054
      },
      "t5": {
        "overlap_count": 7795,