{
  "symbol_overlaps": {
    "t1": {
      "t2": {
        "overlap_count": 0,
        "overlap_percentage": 0.0
      },
      "t3": {
        "overlap_count": 4900,
        "overlap_percentage": 97.04892057833234
      },
      "t4": {
        "overlap_count": 4868,
        "overlap_percentage": 96.41513170924935
      },
      "t5": {
        "overlap_count": 4896,
        "overlap_percentage": 96.96969696969697
      },
      "t6": {
        "overlap_count": 3658,
        "overlap_percentage": 72.44999009704893
      },
      "t7": {
        "overlap_count": 447,
        "overlap_percentage": 8.85323826500297
      },
      "t8": {
        "overlap_count": 4855,
        "overlap_percentage": 96.1576549811844
      },
      "t9": {
        "overlap_count": 5048,
        "overlap_percentage": 99.98019409784116
      }
    },
    "t2": {
      "t1": {
        "overlap_count": 0,
        "overlap_percentage": 0.0
      },
      "t3": {
        "overlap_count": 2696,
        "overlap_percentage": 92.99758537426699
      },
      "t4": {
        "overlap_count": 2743,
        "overlap_percentage": 94.61883408071749
      },
      "t5": {
        "overlap_count": 2381,
        "overlap_percentage": 82.13176957571577
      },
      "t6": {
        "overlap_count": 2259,
        "overlap_percentage": 77.92342186961021
      },
      "t7": {
        "overlap_count": 2718,
        "overlap_percentage": 93.75646774749914
      },
      "t8": {
        "overlap_count": 2800,
        "overlap_percentage": 96.58502932045533
      },
      "t9": {
        "overlap_count": 2511,
        "overlap_percentage": 86.61607450845119
      }
    },
    "t3": {
      "t1": {
        "overlap_count": 4900,
        "overlap_percentage": 64.1781270464964
      },
      "t2": {
        "overlap_count": 2696,
        "overlap_percentage": 35.311067452521286
      },
      "t4": {
        "overlap_count": 7361,
        "overlap_percentage": 96.4112639161755
      },
      "t5": {
        "overlap_count": 7096,
        "overlap_percentage": 92.94040602488539
      },
      "t6": {
        "overlap_count": 5759,
        "overlap_percentage": 75.42894564505566
      },
      "t7": {
        "overlap_count": 3030,
        "overlap_percentage": 39.68565815324165
      },
      "t8": {
        "overlap_count": 7350,
        "overlap_percentage": 96.2671905697446
      },
      "t9": {
        "overlap_count": 7321,
        "overlap_percentage": 95.88736083824493
      }
    },
    "t4": {
      "t1": {
        "overlap_count": 4868,
        "overlap_percentage": 58.76388218252052
      },
      "t2": {
        "overlap_count": 2743,
        "overlap_percentage": 33.112023177209075
      },
      "t3": {
        "overlap_count": 7361,
        "overlap_percentage": 88.85803959439885
      },
      "t5": {
        "overlap_count": 6998,
        "overlap_percentage": 84.47609850313859
      },
      "t6": {
        "overlap_count": 5799,
        "overlap_percentage": 70.00241429261227
      },
      "t7": {
        "overlap_count": 3151,
        "overlap_percentage": 38.037180106228874
      },
      "t8": {
        "overlap_count": 7795,
        "overlap_percentage": 94.09705456301303
      },
      "t9": {
        "overlap_count": 7262,
        "overlap_percentage": 87.66296475132786
      }
    },
    "t5": {
      "t1": {
        "overlap_count": 4896,
        "overlap_percentage": 67.20658888126287
      },
      "t2": {
        "overlap_count": 2381,
        "overlap_percentage": 32.68359643102265
      },
      "t3": {
        "overlap_count": 7096,
        "overlap_percentage": 97.40562800274537
      },
      "t4": {
        "overlap_count": 6998,
        "overlap_percentage": 96.06039807824297
      },
      "t6": {
        "overlap_count": 5754,
        "overlap_percentage": 78.98421413864104
      },
      "t7": {
        "overlap_count": 2677,
        "overlap_percentage": 36.74673987645848
      },
      "t8": {
        "overlap_count": 7012,
        "overlap_percentage": 96.25257378174331
      },
      "t9": {
        "overlap_count": 6937,
        "overlap_percentage": 95.22306108442005
      }
    },
    "t6": {
      "t1": {
        "overlap_count": 3658,
        "overlap_percentage": 61.7175636915809
      },
      "t2": {
        "overlap_count": 2259,
        "overlap_percentage": 38.113716888813904
      },
      "t3": {
        "overlap_count": 5759,
        "overlap_percentage": 97.1655137506327
      },
      "t4": {
        "overlap_count": 5799,
        "overlap_percentage": 97.84039142905348
      },
      "t5": {
        "overlap_count": 5754,
        "overlap_percentage": 97.0811540408301
      },
      "t7": {
        "overlap_count": 2427,
        "overlap_percentage": 40.948203138181206
      },
      "t8": {
        "overlap_count": 5792,
        "overlap_percentage": 97.72228783532985
      },
      "t9": {
        "overlap_count": 5586,
        "overlap_percentage": 94.2466677914628
      }
    },
    "t7": {
      "t1": {
        "overlap_count": 447,
        "overlap_percentage": 4.564950980392156
      },
      "t2": {
        "overlap_count": 2718,
        "overlap_percentage": 27.75735294117647
      },
      "t3": {
        "overlap_count": 3030,
        "overlap_percentage": 30.943627450980394
      },
      "t4": {
        "overlap_count": 3151,
        "overlap_percentage": 32.17933006535948
      },
      "t5": {
        "overlap_count": 2677,
        "overlap_percentage": 27.33864379084967
      },
      "t6": {
        "overlap_count": 2427,
        "overlap_percentage": 24.785539215686274
      },
      "t8": {
        "overlap_count": 3190,
        "overlap_percentage": 32.57761437908497
      },
      "t9": {
        "overlap_count": 3076,
        "overlap_percentage": 31.413398692810457
      }
    },
    "t8": {
      "t1": {
        "overlap_count": 4855,
        "overlap_percentage": 56.53895423314312
      },
      "t2": {
        "overlap_count": 2800,
        "overlap_percentage": 32.6074298357983
      },
      "t3": {
        "overlap_count": 7350,
        "overlap_percentage": 85.59450331897054
      },
      "t4": {
        "overlap_count": 7795,
        "overlap_percentage": 90.77675556073133
      },
      "t5": {
        "overlap_count": 7012,
        "overlap_percentage": 81.65832071736345
      },
      "t6": {
        "overlap_count": 5792,
        "overlap_percentage": 67.45079771747992
      },
      "t7": {
        "overlap_count": 3190,
        "overlap_percentage": 37.14917899149878
      },
      "t9": {
        "overlap_count": 7306,
        "overlap_percentage": 85.08210085012227
      }
    },
    "t9": {
      "t1": {
        "overlap_count": 5048,
        "overlap_percentage": 51.971584474415735
      },
      "t2": {
        "overlap_count": 2511,
        "overlap_percentage": 25.851950993513846
      },
      "t3": {
        "overlap_count": 7321,
        "overlap_percentage": 75.37321116030063
      },
      "t4": {
        "overlap_count": 7262,
        "overlap_percentage": 74.76577782353547
      },
      "t5": {
        "overlap_count": 6937,
        "overlap_percentage": 71.419746731185
      },
      "t6": {
        "overlap_count": 5586,
        "overlap_percentage": 57.51055286729125
      },
      "t7": {
        "overlap_count": 3076,
        "overlap_percentage": 31.668897354061563
      },
      "t8": {
        "overlap_count": 7306,
        "overlap_percentage": 75.2187789560383
      }
    }
  },
  "unique_to_provider": {
    "t1": {
      "count": 0,
      "sample": []
    },
    "t2": {
      "count": 5,
      "sample": [
        "CBOPA:XNYS",
        "KKRPD:XNYS",
        "FOURPA:XNYS",
        "CTESTA:XNYS",
        "PCGPX:XNYS"
      ]
    },
    "t3": {
      "count": 12,